{
    "train_acc": 0.83066,
    "num_epoch": 20,
    "test_acc": 0.8152,
    "train_loss": [
        1.616934895515442,
        1.2072709798812866,
        1.0218290090560913,
        0.8855860829353333,
        0.8125213980674744,
        0.7512314915657043,
        0.7139403820037842,
        0.6743559241294861,
        0.6559340357780457,
        0.6245180368423462,
        0.6031798720359802,
        0.5832399129867554,
        0.5668187141418457,
        0.5543390512466431,
        0.5327433943748474,
        0.5309151411056519,
        0.515098512172699,
        0.4972653090953827,
        0.4868554174900055,
        0.4816820025444031
    ]
}