{
    "train_acc": 0.8405,
    "num_epoch": 30,
    "test_acc": 0.8188,
    "train_loss": [
        1.6418931484222412,
        1.2325019836425781,
        1.0277963876724243,
        0.9064030647277832,
        0.8217316269874573,
        0.7727488875389099,
        0.7308260798454285,
        0.7001423835754395,
        0.6713280081748962,
        0.6486018300056458,
        0.6250107288360596,
        0.6128447651863098,
        0.5883262753486633,
        0.5781071186065674,
        0.5668429136276245,
        0.5549637079238892,
        0.5361457467079163,
        0.5274814963340759,
        0.5257905721664429,
        0.5115404725074768,
        0.5029371976852417,
        0.49916255474090576,
        0.4937033951282501,
        0.47982943058013916,
        0.4782507121562958,
        0.4769453704357147,
        0.46363428235054016,
        0.46249276399612427,
        0.4511507749557495,
        0.4535153806209564
    ]
}