{
    "train_acc": 0.31232,
    "num_epoch": 50,
    "test_acc": 0.3426,
    "train_loss": [
        2.042804479598999,
        1.9835048913955688,
        1.9774478673934937,
        1.9705960750579834,
        1.9649083614349365,
        1.9568819999694824,
        1.9594448804855347,
        1.9535160064697266,
        1.9478856325149536,
        1.9533637762069702,
        1.9538577795028687,
        1.9449281692504883,
        1.9462034702301025,
        1.9471757411956787,
        1.9481463432312012,
        1.9465428590774536,
        1.9463849067687988,
        1.9475129842758179,
        1.944260835647583,
        1.948158860206604,
        1.9456515312194824,
        1.9389089345932007,
        1.9449830055236816,
        1.9407387971878052,
        1.950925588607788,
        1.9401164054870605,
        1.9452263116836548,
        1.9422861337661743,
        1.9430961608886719,
        1.9441945552825928,
        1.9408721923828125,
        1.9398289918899536,
        1.9482930898666382,
        1.9440627098083496,
        1.9423470497131348,
        1.944861650466919,
        1.9405335187911987,
        1.9437346458435059,
        1.9431607723236084,
        1.9397289752960205,
        1.9501540660858154,
        1.9413007497787476,
        1.9419755935668945,
        1.9400638341903687,
        1.9416050910949707,
        1.9444196224212646,
        1.9414434432983398,
        1.9475657939910889,
        1.9404116868972778,
        1.9416238069534302
    ]
}