{
    "train_acc": 0.31112,
    "num_epoch": 30,
    "test_acc": 0.3573,
    "train_loss": [
        2.043215751647949,
        1.9832185506820679,
        1.978615164756775,
        1.9769896268844604,
        1.9649561643600464,
        1.9592608213424683,
        1.9597729444503784,
        1.954062819480896,
        1.96161687374115,
        1.9497944116592407,
        1.9478919506072998,
        1.9453396797180176,
        1.9572137594223022,
        1.9416369199752808,
        1.9495017528533936,
        1.9444125890731812,
        1.9482340812683105,
        1.9450749158859253,
        1.944105863571167,
        1.946950912475586,
        1.9417753219604492,
        1.9524015188217163,
        1.9419853687286377,
        1.9452400207519531,
        1.9472637176513672,
        1.9519672393798828,
        1.9340180158615112,
        1.9473401308059692,
        1.9442341327667236,
        1.9400792121887207
    ]
}