{
    "train_acc": 0.30998,
    "num_epoch": 20,
    "test_acc": 0.3287,
    "train_loss": [
        2.0437076091766357,
        1.9860730171203613,
        1.9770214557647705,
        1.971439003944397,
        1.9685367345809937,
        1.9593006372451782,
        1.9562389850616455,
        1.9560545682907104,
        1.9451192617416382,
        1.9492552280426025,
        1.9487868547439575,
        1.9453129768371582,
        1.9470021724700928,
        1.9496879577636719,
        1.9384032487869263,
        1.9438285827636719,
        1.9445134401321411,
        1.947106122970581,
        1.9477111101150513,
        1.9427627325057983
    ]
}