{
    "train_acc": 0.93522,
    "num_epoch": 50,
    "test_acc": 0.8495,
    "train_loss": [
        1.6039282083511353,
        1.1997084617614746,
        0.9793825149536133,
        0.8391615748405457,
        0.7477649450302124,
        0.6885804533958435,
        0.633614718914032,
        0.595946729183197,
        0.5636568069458008,
        0.538983941078186,
        0.5068796277046204,
        0.48305970430374146,
        0.46476468443870544,
        0.4408755600452423,
        0.4271152913570404,
        0.4054727852344513,
        0.3920711874961853,
        0.3802225589752197,
        0.3651316165924072,
        0.356073796749115,
        0.344599187374115,
        0.3334331512451172,
        0.31701985001564026,
        0.31535303592681885,
        0.3065386414527893,
        0.2980322539806366,
        0.289093017578125,
        0.2775799036026001,
        0.2738073766231537,
        0.2694840729236603,
        0.26207613945007324,
        0.2551862299442291,
        0.24620239436626434,
        0.24577249586582184,
        0.23669999837875366,
        0.229281485080719,
        0.23079082369804382,
        0.2243063896894455,
        0.21918658912181854,
        0.21780192852020264,
        0.21520189940929413,
        0.20906288921833038,
        0.20429500937461853,
        0.20182757079601288,
        0.19441203773021698,
        0.1955530047416687,
        0.1948845088481903,
        0.1869531273841858,
        0.18446968495845795,
        0.18758940696716309
    ]
}