{
    "train_acc": 0.33258,
    "num_epoch": 50,
    "test_acc": 0.3629,
    "train_loss": [
        2.0244271755218506,
        1.9612016677856445,
        1.9429789781570435,
        1.9287415742874146,
        1.9229974746704102,
        1.9185676574707031,
        1.9161810874938965,
        1.9119114875793457,
        1.909937858581543,
        1.9072296619415283,
        1.9040536880493164,
        1.903435468673706,
        1.8998892307281494,
        1.9005217552185059,
        1.8990353345870972,
        1.8992763757705688,
        1.8943039178848267,
        1.8950910568237305,
        1.8911104202270508,
        1.8955066204071045,
        1.8910189867019653,
        1.8937126398086548,
        1.894315242767334,
        1.8888928890228271,
        1.8913191556930542,
        1.8892515897750854,
        1.8906952142715454,
        1.890562891960144,
        1.8841298818588257,
        1.8934063911437988,
        1.8836548328399658,
        1.8965333700180054,
        1.8842369318008423,
        1.8877688646316528,
        1.8887686729431152,
        1.8854933977127075,
        1.8895292282104492,
        1.8886353969573975,
        1.893487572669983,
        1.8872791528701782,
        1.8843454122543335,
        1.8897839784622192,
        1.8827842473983765,
        1.887247920036316,
        1.8855080604553223,
        1.8813729286193848,
        1.8902052640914917,
        1.8826062679290771,
        1.8878717422485352,
        1.888487696647644
    ]
}