{
    "train_acc": 0.57468,
    "num_epoch": 30,
    "test_acc": 0.5085,
    "train_loss": [
        1.8995378017425537,
        1.7083098888397217,
        1.6111773252487183,
        1.5494413375854492,
        1.5077581405639648,
        1.479910969734192,
        1.4497816562652588,
        1.4302515983581543,
        1.403091311454773,
        1.3901506662368774,
        1.3713264465332031,
        1.3562277555465698,
        1.3391962051391602,
        1.3254529237747192,
        1.3156293630599976,
        1.3089832067489624,
        1.2898629903793335,
        1.2828176021575928,
        1.272096872329712,
        1.2669316530227661,
        1.2586817741394043,
        1.2525880336761475,
        1.2444961071014404,
        1.2317066192626953,
        1.222821593284607,
        1.215882420539856,
        1.2062779664993286,
        1.2074588537216187,
        1.1995227336883545,
        1.1926816701889038
    ]
}