{
    "train_acc": 0.50014,
    "num_epoch": 3,
    "test_acc": 0.4799,
    "train_loss": [
        1.9046889543533325,
        1.7073627710342407,
        1.6135238409042358
    ]
}