{
    "train_acc": 0.32414,
    "num_epoch": 20,
    "test_acc": 0.3588,
    "train_loss": [
        2.0215680599212646,
        1.9604941606521606,
        1.941393256187439,
        1.9311730861663818,
        1.9281702041625977,
        1.9156463146209717,
        1.9139050245285034,
        1.9125950336456299,
        1.910077452659607,
        1.9048715829849243,
        1.9059333801269531,
        1.9033480882644653,
        1.8999289274215698,
        1.9018630981445312,
        1.8970640897750854,
        1.8990397453308105,
        1.894883155822754,
        1.8983980417251587,
        1.8924975395202637,
        1.897855281829834
    ]
}