{
    "train_acc": 0.5466,
    "num_epoch": 20,
    "test_acc": 0.4916,
    "train_loss": [
        1.9117194414138794,
        1.722648024559021,
        1.6224814653396606,
        1.563151240348816,
        1.5206571817398071,
        1.4887515306472778,
        1.4616467952728271,
        1.4383766651153564,
        1.417676329612732,
        1.3982391357421875,
        1.3823621273040771,
        1.3673969507217407,
        1.3520396947860718,
        1.3392328023910522,
        1.3234307765960693,
        1.312182903289795,
        1.3008434772491455,
        1.2920637130737305,
        1.2808034420013428,
        1.2747176885604858
    ]
}