{
    "train_acc": 0.6171,
    "num_epoch": 50,
    "test_acc": 0.5132,
    "train_loss": [
        1.8938730955123901,
        1.7031834125518799,
        1.6073706150054932,
        1.5536667108535767,
        1.5114237070083618,
        1.481422781944275,
        1.4488232135772705,
        1.42618989944458,
        1.406087040901184,
        1.3830777406692505,
        1.3736560344696045,
        1.358639121055603,
        1.3456960916519165,
        1.329148292541504,
        1.3201817274093628,
        1.3090120553970337,
        1.2979687452316284,
        1.2872793674468994,
        1.2751762866973877,
        1.2646427154541016,
        1.259430170059204,
        1.2471314668655396,
        1.2423155307769775,
        1.2339236736297607,
        1.224871277809143,
        1.2211424112319946,
        1.2151826620101929,
        1.2051922082901,
        1.1987485885620117,
        1.1936103105545044,
        1.1851446628570557,
        1.1803255081176758,
        1.174126386642456,
        1.1661714315414429,
        1.1631371974945068,
        1.1589361429214478,
        1.1531341075897217,
        1.1461162567138672,
        1.137818694114685,
        1.1311461925506592,
        1.1297434568405151,
        1.1240830421447754,
        1.1179330348968506,
        1.1136032342910767,
        1.1041005849838257,
        1.1082210540771484,
        1.1005691289901733,
        1.0912781953811646,
        1.0880705118179321,
        1.0833803415298462
    ]
}