{
    "train_acc": 0.33024,
    "num_epoch": 30,
    "test_acc": 0.3723,
    "train_loss": [
        2.027329444885254,
        1.9612445831298828,
        1.9400700330734253,
        1.93314528465271,
        1.924184799194336,
        1.9176790714263916,
        1.91648268699646,
        1.9058631658554077,
        1.9119685888290405,
        1.9063949584960938,
        1.9049451351165771,
        1.9050029516220093,
        1.899863600730896,
        1.9020214080810547,
        1.8998063802719116,
        1.8941411972045898,
        1.8936246633529663,
        1.8967951536178589,
        1.8925265073776245,
        1.8958755731582642,
        1.8929237127304077,
        1.8899037837982178,
        1.8918596506118774,
        1.8898969888687134,
        1.8884341716766357,
        1.8934458494186401,
        1.8892163038253784,
        1.890676498413086,
        1.891308307647705,
        1.8909614086151123
    ]
}